claim,label
Drinking silver water daily reverses dementia symptoms.,Misinformation
Managing diabetes lowers the risk of developing dementia.,True
Essential oils can reverse memory loss in dementia patients.,Misinformation
Early diagnosis of dementia allows better treatment planning.,True
"Alzheimer's disease currently has no cure, but treatments exist to slow progression.",True
Drinking coconut oil cures dementia.,Misinformation
Smoking marijuana cures Alzheimer’s disease.,Misinformation
Listening to music can improve the mood and behavior of people with dementia.,True
Homeopathy can fully cure dementia.,Misinformation
Smoking marijuana cures Alzheimer’s disease.,Misinformation
Daily astrology readings improve dementia symptoms.,Misinformation
Listening to music can improve the mood and behavior of people with dementia.,True
Drinking silver water daily reverses dementia symptoms.,Misinformation
Sleep quality is linked to brain health and dementia risk.,True
Essential oils can reverse memory loss in dementia patients.,Misinformation
Daily astrology readings improve dementia symptoms.,Misinformation
Early diagnosis of dementia allows better treatment planning.,True
Listening to music can improve the mood and behavior of people with dementia.,True
Vaccines increase the risk of dementia.,Misinformation
Regular physical activity helps reduce the risk of dementia.,True
Sleep quality is linked to brain health and dementia risk.,True
"Alzheimer's disease currently has no cure, but treatments exist to slow progression.",True
Managing diabetes lowers the risk of developing dementia.,True
Sleep quality is linked to brain health and dementia risk.,True
Magnetic bracelets can prevent Alzheimer’s disease.,Misinformation
Social interaction reduces the likelihood of dementia-related decline.,True
Drinking silver water daily reverses dementia symptoms.,Misinformation
Smoking marijuana cures Alzheimer’s disease.,Misinformation
Homeopathy can fully cure dementia.,Misinformation
Daily astrology readings improve dementia symptoms.,Misinformation
Managing diabetes lowers the risk of developing dementia.,True
Crystal healing cures Alzheimer’s disease.,Misinformation
Cognitive training and memory exercises can help slow dementia progression.,True
Managing diabetes lowers the risk of developing dementia.,True
Vaccines increase the risk of dementia.,Misinformation
Magnetic bracelets can prevent Alzheimer’s disease.,Misinformation
Social interaction reduces the likelihood of dementia-related decline.,True
Daily astrology readings improve dementia symptoms.,Misinformation
Managing diabetes lowers the risk of developing dementia.,True
"Alzheimer's disease currently has no cure, but treatments exist to slow progression.",True
Daily astrology readings improve dementia symptoms.,Misinformation
"Alzheimer's disease currently has no cure, but treatments exist to slow progression.",True
Early diagnosis of dementia allows better treatment planning.,True
Social interaction reduces the likelihood of dementia-related decline.,True
Drinking bleach can cleanse the brain of dementia.,Misinformation
Social interaction reduces the likelihood of dementia-related decline.,True
Smoking marijuana cures Alzheimer’s disease.,Misinformation
Eating a balanced diet and managing blood pressure can reduce dementia risk.,True
Smoking marijuana cures Alzheimer’s disease.,Misinformation
Smoking marijuana cures Alzheimer’s disease.,Misinformation
Social interaction reduces the likelihood of dementia-related decline.,True
Vaccines increase the risk of dementia.,Misinformation
Regular physical activity helps reduce the risk of dementia.,True
Eating a balanced diet and managing blood pressure can reduce dementia risk.,True
Sleep quality is linked to brain health and dementia risk.,True
Listening to music can improve the mood and behavior of people with dementia.,True
Sleep quality is linked to brain health and dementia risk.,True
Managing diabetes lowers the risk of developing dementia.,True
Drinking silver water daily reverses dementia symptoms.,Misinformation
"Alzheimer's disease currently has no cure, but treatments exist to slow progression.",True
Regular physical activity helps reduce the risk of dementia.,True
Eating a balanced diet and managing blood pressure can reduce dementia risk.,True
Early diagnosis of dementia allows better treatment planning.,True
Cognitive training and memory exercises can help slow dementia progression.,True
Drinking coconut oil cures dementia.,Misinformation
Vaccines increase the risk of dementia.,Misinformation
Daily astrology readings improve dementia symptoms.,Misinformation
Managing diabetes lowers the risk of developing dementia.,True
Drinking silver water daily reverses dementia symptoms.,Misinformation
Listening to music can improve the mood and behavior of people with dementia.,True
Drinking silver water daily reverses dementia symptoms.,Misinformation
Early diagnosis of dementia allows better treatment planning.,True
Daily astrology readings improve dementia symptoms.,Misinformation
"Alzheimer's disease currently has no cure, but treatments exist to slow progression.",True
Cognitive training and memory exercises can help slow dementia progression.,True
Drinking bleach can cleanse the brain of dementia.,Misinformation
Drinking coconut oil cures dementia.,Misinformation
Crystal healing cures Alzheimer’s disease.,Misinformation
Dementia risk increases with age.,True
Social interaction reduces the likelihood of dementia-related decline.,True
Daily astrology readings improve dementia symptoms.,Misinformation
Magnetic bracelets can prevent Alzheimer’s disease.,Misinformation
Smoking marijuana cures Alzheimer’s disease.,Misinformation
"Alzheimer's disease currently has no cure, but treatments exist to slow progression.",True
Drinking bleach can cleanse the brain of dementia.,Misinformation
"Alzheimer's disease currently has no cure, but treatments exist to slow progression.",True
Eating a balanced diet and managing blood pressure can reduce dementia risk.,True
Homeopathy can fully cure dementia.,Misinformation
Crystal healing cures Alzheimer’s disease.,Misinformation
Drinking coconut oil cures dementia.,Misinformation
Homeopathy can fully cure dementia.,Misinformation
Eating a balanced diet and managing blood pressure can reduce dementia risk.,True
Sleep quality is linked to brain health and dementia risk.,True
Managing diabetes lowers the risk of developing dementia.,True
Managing diabetes lowers the risk of developing dementia.,True
Sleep quality is linked to brain health and dementia risk.,True
Smoking marijuana cures Alzheimer’s disease.,Misinformation
Drinking silver water daily reverses dementia symptoms.,Misinformation
Vaccines increase the risk of dementia.,Misinformation
Magnetic bracelets can prevent Alzheimer’s disease.,Misinformation
Social interaction reduces the likelihood of dementia-related decline.,True
Smoking marijuana cures Alzheimer’s disease.,Misinformation
Eating a balanced diet and managing blood pressure can reduce dementia risk.,True
Dementia risk increases with age.,True
Early diagnosis of dementia allows better treatment planning.,True
Smoking marijuana cures Alzheimer’s disease.,Misinformation
Early diagnosis of dementia allows better treatment planning.,True
Social interaction reduces the likelihood of dementia-related decline.,True
Cognitive training and memory exercises can help slow dementia progression.,True
Managing diabetes lowers the risk of developing dementia.,True
Cognitive training and memory exercises can help slow dementia progression.,True
Essential oils can reverse memory loss in dementia patients.,Misinformation
Vaccines increase the risk of dementia.,Misinformation
Social interaction reduces the likelihood of dementia-related decline.,True
Early diagnosis of dementia allows better treatment planning.,True
Sleep quality is linked to brain health and dementia risk.,True
Social interaction reduces the likelihood of dementia-related decline.,True
Drinking bleach can cleanse the brain of dementia.,Misinformation
Sleep quality is linked to brain health and dementia risk.,True
Eating a balanced diet and managing blood pressure can reduce dementia risk.,True
Drinking silver water daily reverses dementia symptoms.,Misinformation
Cognitive training and memory exercises can help slow dementia progression.,True
Drinking bleach can cleanse the brain of dementia.,Misinformation
Magnetic bracelets can prevent Alzheimer’s disease.,Misinformation
"Alzheimer's disease currently has no cure, but treatments exist to slow progression.",True
Drinking silver water daily reverses dementia symptoms.,Misinformation
Regular physical activity helps reduce the risk of dementia.,True
Daily astrology readings improve dementia symptoms.,Misinformation
Listening to music can improve the mood and behavior of people with dementia.,True
Vaccines increase the risk of dementia.,Misinformation
Eating a balanced diet and managing blood pressure can reduce dementia risk.,True
Magnetic bracelets can prevent Alzheimer’s disease.,Misinformation
Drinking bleach can cleanse the brain of dementia.,Misinformation
Cognitive training and memory exercises can help slow dementia progression.,True
Vaccines increase the risk of dementia.,Misinformation
Early diagnosis of dementia allows better treatment planning.,True
Vaccines increase the risk of dementia.,Misinformation
Listening to music can improve the mood and behavior of people with dementia.,True
Cognitive training and memory exercises can help slow dementia progression.,True
Drinking coconut oil cures dementia.,Misinformation
Eating a balanced diet and managing blood pressure can reduce dementia risk.,True
Cognitive training and memory exercises can help slow dementia progression.,True
Early diagnosis of dementia allows better treatment planning.,True
Vaccines increase the risk of dementia.,Misinformation
Cognitive training and memory exercises can help slow dementia progression.,True
Homeopathy can fully cure dementia.,Misinformation
Drinking silver water daily reverses dementia symptoms.,Misinformation
Managing diabetes lowers the risk of developing dementia.,True
Sleep quality is linked to brain health and dementia risk.,True
"Alzheimer's disease currently has no cure, but treatments exist to slow progression.",True
Essential oils can reverse memory loss in dementia patients.,Misinformation
Daily astrology readings improve dementia symptoms.,Misinformation
Smoking marijuana cures Alzheimer’s disease.,Misinformation
Homeopathy can fully cure dementia.,Misinformation
Drinking coconut oil cures dementia.,Misinformation
Sleep quality is linked to brain health and dementia risk.,True
Regular physical activity helps reduce the risk of dementia.,True
Drinking coconut oil cures dementia.,Misinformation
Social interaction reduces the likelihood of dementia-related decline.,True
Social interaction reduces the likelihood of dementia-related decline.,True
Drinking coconut oil cures dementia.,Misinformation
Managing diabetes lowers the risk of developing dementia.,True
Vaccines increase the risk of dementia.,Misinformation
Vaccines increase the risk of dementia.,Misinformation
Dementia risk increases with age.,True
Vaccines increase the risk of dementia.,Misinformation
Magnetic bracelets can prevent Alzheimer’s disease.,Misinformation
Essential oils can reverse memory loss in dementia patients.,Misinformation
Dementia risk increases with age.,True
Listening to music can improve the mood and behavior of people with dementia.,True
Vaccines increase the risk of dementia.,Misinformation
Drinking bleach can cleanse the brain of dementia.,Misinformation
Social interaction reduces the likelihood of dementia-related decline.,True
Eating a balanced diet and managing blood pressure can reduce dementia risk.,True
"Alzheimer's disease currently has no cure, but treatments exist to slow progression.",True
Regular physical activity helps reduce the risk of dementia.,True
Crystal healing cures Alzheimer’s disease.,Misinformation
Drinking bleach can cleanse the brain of dementia.,Misinformation
Crystal healing cures Alzheimer’s disease.,Misinformation
Eating a balanced diet and managing blood pressure can reduce dementia risk.,True
Magnetic bracelets can prevent Alzheimer’s disease.,Misinformation
Drinking silver water daily reverses dementia symptoms.,Misinformation
Regular physical activity helps reduce the risk of dementia.,True
Smoking marijuana cures Alzheimer’s disease.,Misinformation
Drinking silver water daily reverses dementia symptoms.,Misinformation
Magnetic bracelets can prevent Alzheimer’s disease.,Misinformation
Drinking coconut oil cures dementia.,Misinformation
Crystal healing cures Alzheimer’s disease.,Misinformation
Crystal healing cures Alzheimer’s disease.,Misinformation
Social interaction reduces the likelihood of dementia-related decline.,True
Drinking silver water daily reverses dementia symptoms.,Misinformation
Cognitive training and memory exercises can help slow dementia progression.,True
Drinking bleach can cleanse the brain of dementia.,Misinformation
Listening to music can improve the mood and behavior of people with dementia.,True
Daily astrology readings improve dementia symptoms.,Misinformation
Vaccines increase the risk of dementia.,Misinformation
Regular physical activity helps reduce the risk of dementia.,True
"Alzheimer's disease currently has no cure, but treatments exist to slow progression.",True
Magnetic bracelets can prevent Alzheimer’s disease.,Misinformation
Cognitive training and memory exercises can help slow dementia progression.,True
Regular physical activity helps reduce the risk of dementia.,True
Crystal healing cures Alzheimer’s disease.,Misinformation
Early diagnosis of dementia allows better treatment planning.,True
Vaccines increase the risk of dementia.,Misinformation
Drinking silver water daily reverses dementia symptoms.,Misinformation
Managing diabetes lowers the risk of developing dementia.,True
Homeopathy can fully cure dementia.,Misinformation
Cognitive training and memory exercises can help slow dementia progression.,True
Homeopathy can fully cure dementia.,Misinformation
Essential oils can reverse memory loss in dementia patients.,Misinformation
Smoking marijuana cures Alzheimer’s disease.,Misinformation
Dementia risk increases with age.,True
Vaccines increase the risk of dementia.,Misinformation
Regular physical activity helps reduce the risk of dementia.,True
Eating a balanced diet and managing blood pressure can reduce dementia risk.,True
Drinking bleach can cleanse the brain of dementia.,Misinformation
Dementia risk increases with age.,True
"Alzheimer's disease currently has no cure, but treatments exist to slow progression.",True
Managing diabetes lowers the risk of developing dementia.,True
Smoking marijuana cures Alzheimer’s disease.,Misinformation
Essential oils can reverse memory loss in dementia patients.,Misinformation
Daily astrology readings improve dementia symptoms.,Misinformation
Early diagnosis of dementia allows better treatment planning.,True
Smoking marijuana cures Alzheimer’s disease.,Misinformation
Drinking silver water daily reverses dementia symptoms.,Misinformation
Drinking bleach can cleanse the brain of dementia.,Misinformation
Homeopathy can fully cure dementia.,Misinformation
Regular physical activity helps reduce the risk of dementia.,True
"Alzheimer's disease currently has no cure, but treatments exist to slow progression.",True
Early diagnosis of dementia allows better treatment planning.,True
Daily astrology readings improve dementia symptoms.,Misinformation
Drinking coconut oil cures dementia.,Misinformation
Drinking coconut oil cures dementia.,Misinformation
Drinking silver water daily reverses dementia symptoms.,Misinformation
Eating a balanced diet and managing blood pressure can reduce dementia risk.,True
Social interaction reduces the likelihood of dementia-related decline.,True
Essential oils can reverse memory loss in dementia patients.,Misinformation
Drinking coconut oil cures dementia.,Misinformation
Drinking coconut oil cures dementia.,Misinformation
Early diagnosis of dementia allows better treatment planning.,True
Smoking marijuana cures Alzheimer’s disease.,Misinformation
"Alzheimer's disease currently has no cure, but treatments exist to slow progression.",True
Drinking bleach can cleanse the brain of dementia.,Misinformation
Smoking marijuana cures Alzheimer’s disease.,Misinformation
Vaccines increase the risk of dementia.,Misinformation
Listening to music can improve the mood and behavior of people with dementia.,True
Drinking bleach can cleanse the brain of dementia.,Misinformation
Drinking coconut oil cures dementia.,Misinformation
Regular physical activity helps reduce the risk of dementia.,True
Magnetic bracelets can prevent Alzheimer’s disease.,Misinformation
"Alzheimer's disease currently has no cure, but treatments exist to slow progression.",True
"Alzheimer's disease currently has no cure, but treatments exist to slow progression.",True
Magnetic bracelets can prevent Alzheimer’s disease.,Misinformation
Homeopathy can fully cure dementia.,Misinformation
Listening to music can improve the mood and behavior of people with dementia.,True
Drinking silver water daily reverses dementia symptoms.,Misinformation
Crystal healing cures Alzheimer’s disease.,Misinformation
Early diagnosis of dementia allows better treatment planning.,True
Listening to music can improve the mood and behavior of people with dementia.,True
Managing diabetes lowers the risk of developing dementia.,True
Essential oils can reverse memory loss in dementia patients.,Misinformation
Cognitive training and memory exercises can help slow dementia progression.,True
Daily astrology readings improve dementia symptoms.,Misinformation
Crystal healing cures Alzheimer’s disease.,Misinformation
"Alzheimer's disease currently has no cure, but treatments exist to slow progression.",True
Managing diabetes lowers the risk of developing dementia.,True
Magnetic bracelets can prevent Alzheimer’s disease.,Misinformation
Social interaction reduces the likelihood of dementia-related decline.,True
Social interaction reduces the likelihood of dementia-related decline.,True
Homeopathy can fully cure dementia.,Misinformation
Smoking marijuana cures Alzheimer’s disease.,Misinformation
Managing diabetes lowers the risk of developing dementia.,True
Magnetic bracelets can prevent Alzheimer’s disease.,Misinformation
Dementia risk increases with age.,True
Early diagnosis of dementia allows better treatment planning.,True
Vaccines increase the risk of dementia.,Misinformation
"Alzheimer's disease currently has no cure, but treatments exist to slow progression.",True
Drinking coconut oil cures dementia.,Misinformation
Vaccines increase the risk of dementia.,Misinformation
Cognitive training and memory exercises can help slow dementia progression.,True
Crystal healing cures Alzheimer’s disease.,Misinformation
Crystal healing cures Alzheimer’s disease.,Misinformation
Drinking coconut oil cures dementia.,Misinformation
Cognitive training and memory exercises can help slow dementia progression.,True
Sleep quality is linked to brain health and dementia risk.,True
Dementia risk increases with age.,True
Listening to music can improve the mood and behavior of people with dementia.,True
Drinking coconut oil cures dementia.,Misinformation
Magnetic bracelets can prevent Alzheimer’s disease.,Misinformation
Drinking bleach can cleanse the brain of dementia.,Misinformation
Drinking silver water daily reverses dementia symptoms.,Misinformation
Social interaction reduces the likelihood of dementia-related decline.,True
Drinking bleach can cleanse the brain of dementia.,Misinformation
Managing diabetes lowers the risk of developing dementia.,True
Magnetic bracelets can prevent Alzheimer’s disease.,Misinformation
Listening to music can improve the mood and behavior of people with dementia.,True
Smoking marijuana cures Alzheimer’s disease.,Misinformation
Homeopathy can fully cure dementia.,Misinformation
Smoking marijuana cures Alzheimer’s disease.,Misinformation
"Alzheimer's disease currently has no cure, but treatments exist to slow progression.",True
Vaccines increase the risk of dementia.,Misinformation
Drinking bleach can cleanse the brain of dementia.,Misinformation
Crystal healing cures Alzheimer’s disease.,Misinformation
Listening to music can improve the mood and behavior of people with dementia.,True
Eating a balanced diet and managing blood pressure can reduce dementia risk.,True
Dementia risk increases with age.,True
Sleep quality is linked to brain health and dementia risk.,True
Vaccines increase the risk of dementia.,Misinformation
Magnetic bracelets can prevent Alzheimer’s disease.,Misinformation
"Alzheimer's disease currently has no cure, but treatments exist to slow progression.",True
Sleep quality is linked to brain health and dementia risk.,True
Magnetic bracelets can prevent Alzheimer’s disease.,Misinformation
Drinking coconut oil cures dementia.,Misinformation
Essential oils can reverse memory loss in dementia patients.,Misinformation
Essential oils can reverse memory loss in dementia patients.,Misinformation
Listening to music can improve the mood and behavior of people with dementia.,True
Managing diabetes lowers the risk of developing dementia.,True
Crystal healing cures Alzheimer’s disease.,Misinformation
Regular physical activity helps reduce the risk of dementia.,True
Drinking silver water daily reverses dementia symptoms.,Misinformation
Early diagnosis of dementia allows better treatment planning.,True
Early diagnosis of dementia allows better treatment planning.,True
Drinking silver water daily reverses dementia symptoms.,Misinformation
Managing diabetes lowers the risk of developing dementia.,True
Homeopathy can fully cure dementia.,Misinformation
Essential oils can reverse memory loss in dementia patients.,Misinformation
Drinking coconut oil cures dementia.,Misinformation
Drinking coconut oil cures dementia.,Misinformation
Smoking marijuana cures Alzheimer’s disease.,Misinformation
Listening to music can improve the mood and behavior of people with dementia.,True
Managing diabetes lowers the risk of developing dementia.,True
Drinking coconut oil cures dementia.,Misinformation
Smoking marijuana cures Alzheimer’s disease.,Misinformation
Crystal healing cures Alzheimer’s disease.,Misinformation
Crystal healing cures Alzheimer’s disease.,Misinformation
Drinking coconut oil cures dementia.,Misinformation
Regular physical activity helps reduce the risk of dementia.,True
Early diagnosis of dementia allows better treatment planning.,True
Essential oils can reverse memory loss in dementia patients.,Misinformation
Vaccines increase the risk of dementia.,Misinformation
Listening to music can improve the mood and behavior of people with dementia.,True
"Alzheimer's disease currently has no cure, but treatments exist to slow progression.",True
Magnetic bracelets can prevent Alzheimer’s disease.,Misinformation
Eating a balanced diet and managing blood pressure can reduce dementia risk.,True
Cognitive training and memory exercises can help slow dementia progression.,True
Cognitive training and memory exercises can help slow dementia progression.,True
Drinking bleach can cleanse the brain of dementia.,Misinformation
Smoking marijuana cures Alzheimer’s disease.,Misinformation
Drinking bleach can cleanse the brain of dementia.,Misinformation
Vaccines increase the risk of dementia.,Misinformation
Listening to music can improve the mood and behavior of people with dementia.,True
Homeopathy can fully cure dementia.,Misinformation
Drinking bleach can cleanse the brain of dementia.,Misinformation
Magnetic bracelets can prevent Alzheimer’s disease.,Misinformation
Drinking coconut oil cures dementia.,Misinformation
Magnetic bracelets can prevent Alzheimer’s disease.,Misinformation
Drinking coconut oil cures dementia.,Misinformation
Listening to music can improve the mood and behavior of people with dementia.,True
Managing diabetes lowers the risk of developing dementia.,True
Smoking marijuana cures Alzheimer’s disease.,Misinformation
Drinking bleach can cleanse the brain of dementia.,Misinformation
Social interaction reduces the likelihood of dementia-related decline.,True
Daily astrology readings improve dementia symptoms.,Misinformation
Drinking bleach can cleanse the brain of dementia.,Misinformation
Early diagnosis of dementia allows better treatment planning.,True
Magnetic bracelets can prevent Alzheimer’s disease.,Misinformation
Early diagnosis of dementia allows better treatment planning.,True
Vaccines increase the risk of dementia.,Misinformation
Dementia risk increases with age.,True
Sleep quality is linked to brain health and dementia risk.,True
Smoking marijuana cures Alzheimer’s disease.,Misinformation
Managing diabetes lowers the risk of developing dementia.,True
Smoking marijuana cures Alzheimer’s disease.,Misinformation
"Alzheimer's disease currently has no cure, but treatments exist to slow progression.",True
Daily astrology readings improve dementia symptoms.,Misinformation
Drinking coconut oil cures dementia.,Misinformation
Managing diabetes lowers the risk of developing dementia.,True
Cognitive training and memory exercises can help slow dementia progression.,True
Cognitive training and memory exercises can help slow dementia progression.,True
Essential oils can reverse memory loss in dementia patients.,Misinformation
Daily astrology readings improve dementia symptoms.,Misinformation
Early diagnosis of dementia allows better treatment planning.,True
"Alzheimer's disease currently has no cure, but treatments exist to slow progression.",True
Regular physical activity helps reduce the risk of dementia.,True
Early diagnosis of dementia allows better treatment planning.,True
"Alzheimer's disease currently has no cure, but treatments exist to slow progression.",True
Sleep quality is linked to brain health and dementia risk.,True
Cognitive training and memory exercises can help slow dementia progression.,True
Magnetic bracelets can prevent Alzheimer’s disease.,Misinformation
Crystal healing cures Alzheimer’s disease.,Misinformation
Social interaction reduces the likelihood of dementia-related decline.,True
Managing diabetes lowers the risk of developing dementia.,True
Magnetic bracelets can prevent Alzheimer’s disease.,Misinformation
Regular physical activity helps reduce the risk of dementia.,True
Daily astrology readings improve dementia symptoms.,Misinformation
Drinking coconut oil cures dementia.,Misinformation
Essential oils can reverse memory loss in dementia patients.,Misinformation
Drinking silver water daily reverses dementia symptoms.,Misinformation
Drinking bleach can cleanse the brain of dementia.,Misinformation
Drinking silver water daily reverses dementia symptoms.,Misinformation
Drinking silver water daily reverses dementia symptoms.,Misinformation
Eating a balanced diet and managing blood pressure can reduce dementia risk.,True
Homeopathy can fully cure dementia.,Misinformation
Regular physical activity helps reduce the risk of dementia.,True
Early diagnosis of dementia allows better treatment planning.,True
Crystal healing cures Alzheimer’s disease.,Misinformation
Sleep quality is linked to brain health and dementia risk.,True
Cognitive training and memory exercises can help slow dementia progression.,True
Managing diabetes lowers the risk of developing dementia.,True
Cognitive training and memory exercises can help slow dementia progression.,True
Homeopathy can fully cure dementia.,Misinformation
Drinking coconut oil cures dementia.,Misinformation
Dementia risk increases with age.,True
Magnetic bracelets can prevent Alzheimer’s disease.,Misinformation
Dementia risk increases with age.,True
Vaccines increase the risk of dementia.,Misinformation
